feature,importance,fold
EXT_SOURCE_2,1803,6
EXT_SOURCE_3,1344,6
EXT_SOURCE_1,1326,6
DAYS_EMPLOYED,632,6
CC_CNT_DRAWINGS_ATM_CURRENT_MEAN,447,6
INS_PAYMENT_PERC_MEAN,305,6
INS_DPD_MEAN,278,6
PREV_NAME_CONTRACT_STATUS_Refused_MEAN,255,6
CODE_GENDER,214,6
CC_CNT_DRAWINGS_ATM_CURRENT_VAR,202,6
INS_AMT_PAYMENT_SUM,169,6
DAYS_EMPLOYED_PERC,155,6
ACT_DAYS_CREDIT_MAX,155,6
POS_MONTHS_BALANCE_SIZE,144,6
POS_SK_DPD_DEF_MEAN,139,6
DAYS_BIRTH,122,6
PREV_NAME_CONTRACT_STATUS_Approved_MEAN,108,6
REF_APP_CREDIT_PERC_MIN,104,6
APR_AMT_DOWN_PAYMENT_MAX,100,6
NAME_EDUCATION_TYPE_Higher education,91,6
CC_CNT_DRAWINGS_CURRENT_VAR,88,6
PREV_APP_CREDIT_PERC_MEAN,85,6
BURO_CREDIT_TYPE_Microloan_MEAN,83,6
INS_DAYS_ENTRY_PAYMENT_SUM,81,6
NAME_EDUCATION_TYPE_Secondary / secondary special,79,6
AMT_ANNUITY,78,6
PREV_NAME_PRODUCT_TYPE_walk-in_MEAN,75,6
BURO_DAYS_CREDIT_MEAN,73,6
INS_PAYMENT_DIFF_MEAN,70,6
CC_CNT_DRAWINGS_CURRENT_MEAN,68,6
ANNUITY_INCOME_PERC,67,6
INS_AMT_PAYMENT_MEAN,64,6
INS_AMT_PAYMENT_MIN,59,6
REF_DAYS_DECISION_MAX,58,6
INS_DBD_SUM,54,6
CLS_AMT_CREDIT_SUM_MAX,53,6
PREV_CNT_PAYMENT_MEAN,51,6
PREV_CODE_REJECT_REASON_XAP_MEAN,50,6
BURO_CREDIT_ACTIVE_Closed_MEAN,49,6
PREV_APP_CREDIT_PERC_MAX,48,6
FLAG_DOCUMENT_3,47,6
CC_AMT_BALANCE_MIN,47,6
PREV_DAYS_DECISION_MIN,45,6
ACT_DAYS_CREDIT_ENDDATE_MEAN,45,6
REF_DAYS_DECISION_MEAN,42,6
PREV_CODE_REJECT_REASON_SCOFR_MEAN,41,6
APR_AMT_APPLICATION_MAX,41,6
INS_AMT_PAYMENT_MAX,40,6
APR_APP_CREDIT_PERC_MAX,40,6
PREV_AMT_DOWN_PAYMENT_MAX,40,6
BURO_AMT_CREDIT_SUM_DEBT_MEAN,39,6
CLS_AMT_CREDIT_SUM_SUM,39,6
BURO_DAYS_CREDIT_MAX,37,6
BURO_CREDIT_ACTIVE_Active_MEAN,36,6
POS_MONTHS_BALANCE_MEAN,35,6
APR_DAYS_DECISION_MIN,33,6
NAME_INCOME_TYPE_Working,33,6
AMT_CREDIT,33,6
BURO_DAYS_CREDIT_UPDATE_MEAN,31,6
CC_AMT_DRAWINGS_ATM_CURRENT_MEAN,31,6
CLS_AMT_CREDIT_SUM_MEAN,31,6
PREV_NAME_GOODS_CATEGORY_XNA_MEAN,30,6
AMT_GOODS_PRICE,30,6
PREV_NAME_PORTFOLIO_POS_MEAN,29,6
REF_APP_CREDIT_PERC_MEAN,29,6
INS_AMT_INSTALMENT_SUM,28,6
INS_DAYS_ENTRY_PAYMENT_MEAN,26,6
BURO_DAYS_CREDIT_ENDDATE_MEAN,26,6
APR_AMT_GOODS_PRICE_MAX,23,6
ACT_DAYS_CREDIT_ENDDATE_MIN,23,6
PREV_DAYS_DECISION_MEAN,23,6
PREV_PRODUCT_COMBINATION_Cash Street: high_MEAN,22,6
APR_CNT_PAYMENT_MEAN,22,6
INCOME_CREDIT_PERC,21,6
APR_AMT_ANNUITY_MAX,21,6
REF_DAYS_DECISION_MIN,20,6
ACT_DAYS_CREDIT_MEAN,20,6
OWN_CAR_AGE,19,6
CC_AMT_BALANCE_MEAN,18,6
INS_AMT_INSTALMENT_MAX,17,6
PREV_HOUR_APPR_PROCESS_START_MEAN,17,6
BURO_DAYS_CREDIT_VAR,16,6
PREV_APP_CREDIT_PERC_MIN,16,6
BURO_STATUS_C_MEAN_MEAN,15,6
PREV_NAME_CONTRACT_TYPE_Consumer loans_MEAN,15,6
BURO_DAYS_CREDIT_ENDDATE_MIN,14,6
BURO_AMT_CREDIT_SUM_SUM,14,6
CC_AMT_RECIVABLE_MIN,14,6
INS_PAYMENT_PERC_SUM,14,6
INS_DAYS_ENTRY_PAYMENT_MAX,13,6
CLS_DAYS_CREDIT_MIN,13,6
CLS_DAYS_CREDIT_MAX,13,6
PREV_RATE_DOWN_PAYMENT_MAX,12,6
PREV_AMT_DOWN_PAYMENT_MEAN,12,6
CC_AMT_PAYMENT_CURRENT_VAR,11,6
ACT_AMT_CREDIT_MAX_OVERDUE_MEAN,11,6
CC_AMT_RECEIVABLE_PRINCIPAL_MIN,11,6
REF_HOUR_APPR_PROCESS_START_MIN,11,6
BURO_DAYS_CREDIT_MIN,11,6
CLS_DAYS_CREDIT_VAR,11,6
BURO_DAYS_CREDIT_UPDATE_MIN,11,6
PREV_NAME_YIELD_GROUP_XNA_MEAN,11,6
YEARS_BEGINEXPLUATATION_AVG,10,6
INS_DPD_SUM,10,6
ACT_DAYS_CREDIT_UPDATE_MAX,10,6
CC_AMT_RECIVABLE_MEAN,10,6
ACT_AMT_CREDIT_SUM_DEBT_SUM,10,6
BURO_MONTHS_BALANCE_SIZE_MEAN,10,6
CC_AMT_PAYMENT_CURRENT_MAX,10,6
REGION_RATING_CLIENT,10,6
APR_HOUR_APPR_PROCESS_START_MAX,9,6
BURO_AMT_CREDIT_MAX_OVERDUE_MEAN,9,6
PREV_NAME_PAYMENT_TYPE_Cash through the bank_MEAN,9,6
CLS_DAYS_CREDIT_UPDATE_MAX,9,6
BURO_AMT_CREDIT_SUM_MAX,9,6
CC_CNT_DRAWINGS_POS_CURRENT_VAR,8,6
REF_AMT_APPLICATION_MIN,8,6
INS_DPD_MAX,8,6
APR_AMT_ANNUITY_MEAN,8,6
OCCUPATION_TYPE_Laborers,8,6
REF_CNT_PAYMENT_MEAN,8,6
ACT_MONTHS_BALANCE_SIZE_MEAN,8,6
REF_AMT_CREDIT_MAX,8,6
REF_APP_CREDIT_PERC_MAX,8,6
REF_HOUR_APPR_PROCESS_START_MEAN,8,6
CLS_MONTHS_BALANCE_SIZE_MEAN,8,6
APR_AMT_CREDIT_MAX,7,6
LIVINGAREA_AVG,7,6
BURO_AMT_CREDIT_SUM_MEAN,7,6
PREV_NAME_YIELD_GROUP_high_MEAN,7,6
REF_AMT_ANNUITY_MIN,7,6
PREV_NAME_SELLER_INDUSTRY_Connectivity_MEAN,7,6
PREV_CHANNEL_TYPE_AP+ (Cash loan)_MEAN,7,6
PREV_PRODUCT_COMBINATION_Cash Street: middle_MEAN,7,6
POS_SK_DPD_DEF_MAX,7,6
CLS_DAYS_CREDIT_ENDDATE_MAX,7,6
REF_AMT_CREDIT_MIN,6,6
CC_CNT_DRAWINGS_ATM_CURRENT_SUM,6,6
CC_CNT_DRAWINGS_CURRENT_MAX,6,6
CC_CNT_DRAWINGS_CURRENT_SUM,6,6
PREV_NAME_YIELD_GROUP_low_normal_MEAN,6,6
CC_AMT_PAYMENT_TOTAL_CURRENT_MAX,6,6
APR_APP_CREDIT_PERC_MEAN,6,6
LIVINGAREA_MEDI,6,6
REF_CNT_PAYMENT_SUM,6,6
TOTALAREA_MODE,6,6
APR_AMT_ANNUITY_MIN,6,6
CLS_MONTHS_BALANCE_MAX_MAX,5,6
DAYS_REGISTRATION,5,6
FLOORSMAX_AVG,5,6
CLS_AMT_CREDIT_MAX_OVERDUE_MEAN,5,6
PREV_AMT_ANNUITY_MIN,5,6
INS_AMT_INSTALMENT_MEAN,5,6
POS_SK_DPD_MEAN,5,6
CLS_DAYS_CREDIT_MEAN,5,6
ACT_AMT_CREDIT_SUM_MEAN,5,6
YEARS_BEGINEXPLUATATION_MEDI,5,6
PREV_APP_CREDIT_PERC_VAR,5,6
BURO_AMT_CREDIT_SUM_OVERDUE_MEAN,5,6
POS_MONTHS_BALANCE_MAX,5,6
PREV_NAME_PAYMENT_TYPE_XNA_MEAN,5,6
PREV_NAME_SELLER_INDUSTRY_Consumer electronics_MEAN,5,6
ACT_AMT_CREDIT_SUM_LIMIT_MEAN,5,6
BURO_STATUS_X_MEAN_MEAN,5,6
ACT_DAYS_CREDIT_ENDDATE_MAX,5,6
PREV_NAME_PRODUCT_TYPE_XNA_MEAN,5,6
REGION_RATING_CLIENT_W_CITY,5,6
REG_CITY_NOT_LIVE_CITY,5,6
LIVINGAREA_MODE,5,6
REF_APP_CREDIT_PERC_VAR,5,6
APR_AMT_DOWN_PAYMENT_MEAN,5,6
INS_COUNT,4,6
ACT_AMT_CREDIT_SUM_SUM,4,6
BASEMENTAREA_MEDI,4,6
CLS_MONTHS_BALANCE_SIZE_SUM,4,6
ACT_AMT_CREDIT_SUM_DEBT_MAX,4,6
APR_RATE_DOWN_PAYMENT_MAX,4,6
COMMONAREA_MEDI,4,6
APR_APP_CREDIT_PERC_VAR,4,6
PREV_PRODUCT_COMBINATION_POS industry with interest_MEAN,4,6
CC_AMT_DRAWINGS_CURRENT_MEAN,4,6
REF_AMT_ANNUITY_MAX,4,6
APARTMENTS_AVG,4,6
PREV_NAME_CLIENT_TYPE_New_MEAN,4,6
BURO_AMT_CREDIT_SUM_DEBT_SUM,4,6
PREV_CODE_REJECT_REASON_HC_MEAN,3,6
ACT_MONTHS_BALANCE_MIN_MIN,3,6
CLS_DAYS_CREDIT_UPDATE_MIN,3,6
CC_AMT_DRAWINGS_CURRENT_VAR,3,6
REF_AMT_ANNUITY_MEAN,3,6
CC_AMT_PAYMENT_CURRENT_SUM,3,6
APR_HOUR_APPR_PROCESS_START_MEAN,3,6
APR_AMT_APPLICATION_MEAN,3,6
ACT_DAYS_CREDIT_VAR,3,6
BURO_DAYS_CREDIT_ENDDATE_MAX,3,6
CC_AMT_DRAWINGS_ATM_CURRENT_VAR,3,6
NAME_CONTRACT_TYPE_Cash loans,3,6
CC_AMT_DRAWINGS_ATM_CURRENT_MAX,3,6
INS_DBD_MEAN,3,6
REGION_POPULATION_RELATIVE,3,6
CC_AMT_RECEIVABLE_PRINCIPAL_MEAN,3,6
ORGANIZATION_TYPE_Self-employed,3,6
REF_AMT_GOODS_PRICE_MEAN,3,6
BURO_STATUS_1_MEAN_MEAN,3,6
PREV_CHANNEL_TYPE_Country-wide_MEAN,3,6
APR_CNT_PAYMENT_SUM,3,6
BURO_MONTHS_BALANCE_MIN_MIN,3,6
YEARS_BEGINEXPLUATATION_MODE,3,6
REF_AMT_CREDIT_MEAN,3,6
PREV_AMT_APPLICATION_MAX,3,6
BASEMENTAREA_MODE,3,6
APR_DAYS_DECISION_MEAN,3,6
BURO_AMT_CREDIT_SUM_LIMIT_SUM,2,6
ACT_AMT_CREDIT_SUM_OVERDUE_MEAN,2,6
YEARS_BUILD_AVG,2,6
APR_AMT_CREDIT_MEAN,2,6
CC_AMT_PAYMENT_CURRENT_MEAN,2,6
INS_PAYMENT_DIFF_MAX,2,6
DAYS_ID_PUBLISH,2,6
APR_AMT_CREDIT_MIN,2,6
APR_AMT_GOODS_PRICE_MEAN,2,6
BURO_STATUS_0_MEAN_MEAN,2,6
INS_PAYMENT_PERC_VAR,2,6
CC_CNT_DRAWINGS_POS_CURRENT_MEAN,2,6
PREV_NAME_CASH_LOAN_PURPOSE_XNA_MEAN,2,6
PREV_CODE_REJECT_REASON_LIMIT_MEAN,2,6
CLS_AMT_CREDIT_SUM_DEBT_MEAN,2,6
CLS_AMT_CREDIT_SUM_DEBT_MAX,2,6
PREV_AMT_GOODS_PRICE_MAX,2,6
CLS_DAYS_CREDIT_ENDDATE_MIN,2,6
CC_AMT_DRAWINGS_POS_CURRENT_SUM,2,6
POS_COUNT,2,6
CC_CNT_DRAWINGS_ATM_CURRENT_MAX,2,6
BURO_DAYS_CREDIT_UPDATE_MAX,2,6
PREV_PRODUCT_COMBINATION_Card Street_MEAN,2,6
PREV_NAME_SELLER_INDUSTRY_XNA_MEAN,2,6
BURO_AMT_CREDIT_SUM_DEBT_MAX,2,6
PREV_NAME_TYPE_SUITE_Unaccompanied_MEAN,2,6
NONLIVINGAREA_MODE,2,6
PREV_PRODUCT_COMBINATION_Cash_MEAN,1,6
PREV_PRODUCT_COMBINATION_POS mobile with interest_MEAN,1,6
PREV_NAME_PORTFOLIO_XNA_MEAN,1,6
FLAG_OWN_CAR,1,6
ENTRANCES_MEDI,1,6
DAYS_LAST_PHONE_CHANGE,1,6
ENTRANCES_AVG,1,6
ELEVATORS_MODE,1,6
PREV_PRODUCT_COMBINATION_Card X-Sell_MEAN,1,6
PREV_PRODUCT_COMBINATION_Cash X-Sell: low_MEAN,1,6
COMMONAREA_AVG,1,6
REF_AMT_APPLICATION_MEAN,1,6
CLS_DAYS_CREDIT_UPDATE_MEAN,1,6
ELEVATORS_AVG,1,6
REF_AMT_DOWN_PAYMENT_MEAN,1,6
FLOORSMAX_MEDI,1,6
REF_RATE_DOWN_PAYMENT_MAX,1,6
NONLIVINGAREA_MEDI,1,6
PREV_CODE_REJECT_REASON_SCO_MEAN,1,6
OCCUPATION_TYPE_nan,1,6
PREV_CNT_PAYMENT_SUM,1,6
ORGANIZATION_TYPE_Business Entity Type 3,1,6
REF_AMT_DOWN_PAYMENT_MAX,1,6
POS_NAME_CONTRACT_STATUS_Completed_MEAN,1,6
FLOORSMAX_MODE,1,6
PREV_RATE_DOWN_PAYMENT_MEAN,1,6
REF_HOUR_APPR_PROCESS_START_MAX,1,6
PREV_AMT_DOWN_PAYMENT_MIN,1,6
PREV_AMT_ANNUITY_MAX,1,6
PREV_AMT_APPLICATION_MEAN,1,6
PREV_AMT_CREDIT_MEAN,1,6
NONLIVINGAPARTMENTS_AVG,1,6
NAME_FAMILY_STATUS_Married,1,6
PREV_HOUR_APPR_PROCESS_START_MAX,1,6
PREV_HOUR_APPR_PROCESS_START_MIN,1,6
LANDAREA_AVG,1,6
INS_PAYMENT_DIFF_VAR,1,6
INS_PAYMENT_DIFF_SUM,1,6
REG_CITY_NOT_WORK_CITY,1,6
INS_NUM_INSTALMENT_VERSION_NUNIQUE,1,6
PREV_NAME_CONTRACT_TYPE_Cash loans_MEAN,1,6
PREV_NAME_GOODS_CATEGORY_Computers_MEAN,1,6
REF_AMT_GOODS_PRICE_MAX,1,6
PREV_NAME_GOODS_CATEGORY_Mobile_MEAN,1,6
WALLSMATERIAL_MODE_Panel,1,6
PREV_NAME_PORTFOLIO_Cards_MEAN,1,6
PREV_NAME_PORTFOLIO_Cash_MEAN,1,6
INCOME_PER_PERSON,1,6
PREV_RATE_DOWN_PAYMENT_MIN,1,6
YEARS_BUILD_MODE,1,6
CC_AMT_CREDIT_LIMIT_ACTUAL_SUM,1,6
CC_AMT_DRAWINGS_POS_CURRENT_MEAN,1,6
CC_AMT_PAYMENT_CURRENT_MIN,1,6
APR_DAYS_DECISION_MAX,1,6
ACT_DAYS_CREDIT_MIN,1,6
CC_AMT_TOTAL_RECEIVABLE_VAR,1,6
CC_AMT_INST_MIN_REGULARITY_MEAN,1,6
BURO_CREDIT_ACTIVE_Sold_MEAN,1,6
CC_AMT_DRAWINGS_POS_CURRENT_MAX,1,6
BURO_CREDIT_TYPE_Consumer credit_MEAN,1,6
CC_MONTHS_BALANCE_SUM,1,6
BURO_AMT_ANNUITY_MAX,1,6
APARTMENTS_MEDI,1,6
APR_RATE_DOWN_PAYMENT_MIN,1,6
APR_RATE_DOWN_PAYMENT_MEAN,1,6
APR_AMT_GOODS_PRICE_MIN,1,6
CC_AMT_PAYMENT_TOTAL_CURRENT_MEAN,1,6
BURO_CREDIT_TYPE_Credit card_MEAN,1,6
CC_AMT_RECIVABLE_VAR,1,6
CC_AMT_RECEIVABLE_PRINCIPAL_MAX,1,6
CLS_AMT_ANNUITY_MAX,1,6
CC_CNT_DRAWINGS_POS_CURRENT_MAX,1,6
BURO_MONTHS_BALANCE_SIZE_SUM,1,6
CC_AMT_PAYMENT_TOTAL_CURRENT_VAR,1,6
CC_CNT_DRAWINGS_POS_CURRENT_SUM,1,6
PREV_NAME_CASH_LOAN_PURPOSE_Money for a third person_MEAN,0,6
PREV_NAME_CASH_LOAN_PURPOSE_Medicine_MEAN,0,6
PREV_NAME_CASH_LOAN_PURPOSE_Refusal to name the goal_MEAN,0,6
PREV_NAME_CLIENT_TYPE_nan_MEAN,0,6
PREV_NAME_CLIENT_TYPE_Repeater_MEAN,0,6
PREV_NAME_CASH_LOAN_PURPOSE_Journey_MEAN,0,6
PREV_NAME_CASH_LOAN_PURPOSE_Hobby_MEAN,0,6
CC_AMT_CREDIT_LIMIT_ACTUAL_MAX,0,6
PREV_NAME_CASH_LOAN_PURPOSE_Gasification / water supply_MEAN,0,6
PREV_NAME_CLIENT_TYPE_XNA_MEAN,0,6
CC_AMT_CREDIT_LIMIT_ACTUAL_MEAN,0,6
PREV_NAME_CLIENT_TYPE_Refreshed_MEAN,0,6
PREV_NAME_CASH_LOAN_PURPOSE_nan_MEAN,0,6
PREV_NAME_CASH_LOAN_PURPOSE_Other_MEAN,0,6
PREV_NAME_CASH_LOAN_PURPOSE_Payments on other loans_MEAN,0,6
PREV_NAME_CASH_LOAN_PURPOSE_Purchase of electronic equipment_MEAN,0,6
CC_AMT_CREDIT_LIMIT_ACTUAL_MIN,0,6
PREV_NAME_CASH_LOAN_PURPOSE_XAP_MEAN,0,6
PREV_NAME_CASH_LOAN_PURPOSE_Wedding / gift / holiday_MEAN,0,6
PREV_NAME_CASH_LOAN_PURPOSE_Urgent needs_MEAN,0,6
PREV_NAME_CASH_LOAN_PURPOSE_Repairs_MEAN,0,6
PREV_NAME_CONTRACT_STATUS_Canceled_MEAN,0,6
PREV_NAME_CONTRACT_TYPE_XNA_MEAN,0,6
CC_AMT_BALANCE_VAR,0,6
PREV_NAME_GOODS_CATEGORY_Direct Sales_MEAN,0,6
PREV_NAME_GOODS_CATEGORY_Other_MEAN,0,6
PREV_NAME_GOODS_CATEGORY_Office Appliances_MEAN,0,6
BURO_STATUS_5_MEAN_MEAN,0,6
PREV_NAME_GOODS_CATEGORY_Medicine_MEAN,0,6
PREV_NAME_GOODS_CATEGORY_Medical Supplies_MEAN,0,6
PREV_NAME_GOODS_CATEGORY_Jewelry_MEAN,0,6
PREV_NAME_GOODS_CATEGORY_Insurance_MEAN,0,6
PREV_NAME_GOODS_CATEGORY_House Construction_MEAN,0,6
PREV_NAME_GOODS_CATEGORY_Homewares_MEAN,0,6
PREV_NAME_GOODS_CATEGORY_Gardening_MEAN,0,6
PREV_NAME_GOODS_CATEGORY_Furniture_MEAN,0,6
PREV_NAME_GOODS_CATEGORY_Fitness_MEAN,0,6
PREV_NAME_GOODS_CATEGORY_Education_MEAN,0,6
PREV_NAME_GOODS_CATEGORY_Consumer Electronics_MEAN,0,6
PREV_NAME_CONTRACT_STATUS_Unused offer_MEAN,0,6
PREV_NAME_GOODS_CATEGORY_Construction Materials_MEAN,0,6
BURO_STATUS_nan_MEAN_MEAN,0,6
PREV_NAME_GOODS_CATEGORY_Clothing and Accessories_MEAN,0,6
PREV_NAME_GOODS_CATEGORY_Auto Accessories_MEAN,0,6
PREV_NAME_GOODS_CATEGORY_Audio/Video_MEAN,0,6
PREV_NAME_GOODS_CATEGORY_Animals_MEAN,0,6
PREV_NAME_GOODS_CATEGORY_Additional Service_MEAN,0,6
PREV_NAME_CONTRACT_TYPE_nan_MEAN,0,6
PREV_NAME_CASH_LOAN_PURPOSE_Everyday expenses_MEAN,0,6
PREV_NAME_CONTRACT_TYPE_Revolving loans_MEAN,0,6
CC_AMT_BALANCE_MAX,0,6
CC_AMT_BALANCE_SUM,0,6
PREV_NAME_CONTRACT_STATUS_nan_MEAN,0,6
PREV_NAME_CASH_LOAN_PURPOSE_Furniture_MEAN,0,6
CLS_AMT_CREDIT_SUM_LIMIT_SUM,0,6
PREV_NAME_CASH_LOAN_PURPOSE_Education_MEAN,0,6
PREV_AMT_CREDIT_MIN,0,6
PREV_CHANNEL_TYPE_Credit and cash offices_MEAN,0,6
PREV_CHANNEL_TYPE_Contact center_MEAN,0,6
PREV_CHANNEL_TYPE_Channel of corporate sales_MEAN,0,6
PREV_CHANNEL_TYPE_Car dealer_MEAN,0,6
CC_AMT_DRAWINGS_POS_CURRENT_MIN,0,6
CC_AMT_DRAWINGS_POS_CURRENT_VAR,0,6
CC_AMT_INST_MIN_REGULARITY_MAX,0,6
PREV_AMT_GOODS_PRICE_MIN,0,6
PREV_AMT_GOODS_PRICE_MEAN,0,6
CC_AMT_INST_MIN_REGULARITY_MIN,0,6
CC_AMT_INST_MIN_REGULARITY_SUM,0,6
CC_AMT_INST_MIN_REGULARITY_VAR,0,6
PREV_AMT_CREDIT_MAX,0,6
PREV_CHANNEL_TYPE_Stone_MEAN,0,6
PREV_AMT_APPLICATION_MIN,0,6
CC_AMT_PAYMENT_TOTAL_CURRENT_MIN,0,6
CC_AMT_PAYMENT_TOTAL_CURRENT_SUM,0,6
PREV_AMT_ANNUITY_MEAN,0,6
CC_AMT_RECEIVABLE_PRINCIPAL_SUM,0,6
POS_SK_DPD_MAX,0,6
CC_AMT_RECEIVABLE_PRINCIPAL_VAR,0,6
CC_AMT_RECIVABLE_MAX,0,6
POS_NAME_CONTRACT_STATUS_nan_MEAN,0,6
POS_NAME_CONTRACT_STATUS_XNA_MEAN,0,6
POS_NAME_CONTRACT_STATUS_Signed_MEAN,0,6
POS_NAME_CONTRACT_STATUS_Returned to the store_MEAN,0,6
PREV_CHANNEL_TYPE_Regional / Local_MEAN,0,6
PREV_CHANNEL_TYPE_nan_MEAN,0,6
PREV_NAME_CASH_LOAN_PURPOSE_Car repairs_MEAN,0,6
CC_AMT_DRAWINGS_ATM_CURRENT_SUM,0,6
PREV_NAME_CASH_LOAN_PURPOSE_Buying a used car_MEAN,0,6
PREV_NAME_CASH_LOAN_PURPOSE_Buying a new car_MEAN,0,6
PREV_NAME_CASH_LOAN_PURPOSE_Buying a home_MEAN,0,6
PREV_NAME_CASH_LOAN_PURPOSE_Buying a holiday home / land_MEAN,0,6
PREV_NAME_CASH_LOAN_PURPOSE_Buying a garage_MEAN,0,6
PREV_NAME_CASH_LOAN_PURPOSE_Business development_MEAN,0,6
PREV_NAME_CASH_LOAN_PURPOSE_Building a house or an annex_MEAN,0,6
CC_AMT_CREDIT_LIMIT_ACTUAL_VAR,0,6
CC_AMT_DRAWINGS_ATM_CURRENT_MIN,0,6
PREV_FLAG_LAST_APPL_PER_CONTRACT_nan_MEAN,0,6
PREV_FLAG_LAST_APPL_PER_CONTRACT_Y_MEAN,0,6
PREV_FLAG_LAST_APPL_PER_CONTRACT_N_MEAN,0,6
CC_AMT_DRAWINGS_CURRENT_MAX,0,6
CC_AMT_DRAWINGS_OTHER_CURRENT_VAR,0,6
PREV_DAYS_DECISION_MAX,0,6
PREV_CODE_REJECT_REASON_nan_MEAN,0,6
PREV_CODE_REJECT_REASON_XNA_MEAN,0,6
CC_AMT_DRAWINGS_CURRENT_MIN,0,6
PREV_CODE_REJECT_REASON_VERIF_MEAN,0,6
PREV_CODE_REJECT_REASON_SYSTEM_MEAN,0,6
CC_AMT_DRAWINGS_CURRENT_SUM,0,6
CC_AMT_DRAWINGS_OTHER_CURRENT_MAX,0,6
CC_AMT_DRAWINGS_OTHER_CURRENT_MEAN,0,6
CC_AMT_DRAWINGS_OTHER_CURRENT_MIN,0,6
PREV_CODE_REJECT_REASON_CLIENT_MEAN,0,6
CC_AMT_DRAWINGS_OTHER_CURRENT_SUM,0,6
PREV_NAME_GOODS_CATEGORY_Photo / Cinema Equipment_MEAN,0,6
BURO_STATUS_3_MEAN_MEAN,0,6
PREV_NAME_GOODS_CATEGORY_Sport and Leisure_MEAN,0,6
BASEMENTAREA_AVG,0,6
AMT_REQ_CREDIT_BUREAU_DAY,0,6
AMT_REQ_CREDIT_BUREAU_HOUR,0,6
AMT_REQ_CREDIT_BUREAU_MON,0,6
AMT_REQ_CREDIT_BUREAU_QRT,0,6
AMT_REQ_CREDIT_BUREAU_WEEK,0,6
AMT_REQ_CREDIT_BUREAU_YEAR,0,6
APARTMENTS_MODE,0,6
APR_AMT_APPLICATION_MIN,0,6
APR_AMT_DOWN_PAYMENT_MIN,0,6
APR_APP_CREDIT_PERC_MIN,0,6
REF_AMT_GOODS_PRICE_MIN,0,6
APR_HOUR_APPR_PROCESS_START_MIN,0,6
REF_AMT_DOWN_PAYMENT_MIN,0,6
BURO_AMT_ANNUITY_MEAN,0,6
BURO_CREDIT_CURRENCY_currency 2_MEAN,0,6
BURO_AMT_CREDIT_SUM_LIMIT_MEAN,0,6
BURO_CNT_CREDIT_PROLONG_SUM,0,6
REF_AMT_APPLICATION_MAX,0,6
BURO_CREDIT_ACTIVE_Bad debt_MEAN,0,6
BURO_CREDIT_ACTIVE_nan_MEAN,0,6
PREV_WEEKDAY_APPR_PROCESS_START_nan_MEAN,0,6
PREV_WEEKDAY_APPR_PROCESS_START_WEDNESDAY_MEAN,0,6
PREV_WEEKDAY_APPR_PROCESS_START_TUESDAY_MEAN,0,6
PREV_WEEKDAY_APPR_PROCESS_START_THURSDAY_MEAN,0,6
PREV_WEEKDAY_APPR_PROCESS_START_SUNDAY_MEAN,0,6
PREV_WEEKDAY_APPR_PROCESS_START_SATURDAY_MEAN,0,6
PREV_WEEKDAY_APPR_PROCESS_START_MONDAY_MEAN,0,6
PREV_WEEKDAY_APPR_PROCESS_START_FRIDAY_MEAN,0,6
AMT_INCOME_TOTAL,0,6
REF_RATE_DOWN_PAYMENT_MEAN,0,6
REF_RATE_DOWN_PAYMENT_MIN,0,6
ACT_MONTHS_BALANCE_SIZE_SUM,0,6
YEARS_BUILD_MEDI,0,6
ACT_AMT_CREDIT_SUM_DEBT_MEAN,0,6
ACT_AMT_CREDIT_SUM_LIMIT_SUM,0,6
ACT_AMT_CREDIT_SUM_MAX,0,6
ACT_CNT_CREDIT_PROLONG_SUM,0,6
WEEKDAY_APPR_PROCESS_START_nan,0,6
WEEKDAY_APPR_PROCESS_START_WEDNESDAY,0,6
WEEKDAY_APPR_PROCESS_START_TUESDAY,0,6
WEEKDAY_APPR_PROCESS_START_THURSDAY,0,6
WEEKDAY_APPR_PROCESS_START_SUNDAY,0,6
WEEKDAY_APPR_PROCESS_START_SATURDAY,0,6
WEEKDAY_APPR_PROCESS_START_MONDAY,0,6
WEEKDAY_APPR_PROCESS_START_FRIDAY,0,6
WALLSMATERIAL_MODE_nan,0,6
WALLSMATERIAL_MODE_Wooden,0,6
"WALLSMATERIAL_MODE_Stone, brick",0,6
ACT_CREDIT_DAY_OVERDUE_MAX,0,6
WALLSMATERIAL_MODE_Others,0,6
WALLSMATERIAL_MODE_Monolithic,0,6
WALLSMATERIAL_MODE_Mixed,0,6
WALLSMATERIAL_MODE_Block,0,6
ACT_CREDIT_DAY_OVERDUE_MEAN,0,6
REG_REGION_NOT_WORK_REGION,0,6
REG_REGION_NOT_LIVE_REGION,0,6
ACT_DAYS_CREDIT_UPDATE_MEAN,0,6
ACT_DAYS_CREDIT_UPDATE_MIN,0,6
ACT_MONTHS_BALANCE_MAX_MAX,0,6
BURO_CREDIT_CURRENCY_currency 1_MEAN,0,6
BURO_CREDIT_CURRENCY_currency 3_MEAN,0,6
PREV_NAME_GOODS_CATEGORY_Tourism_MEAN,0,6
BURO_CREDIT_TYPE_Real estate loan_MEAN,0,6
PREV_NAME_SELLER_INDUSTRY_Tourism_MEAN,0,6
PREV_NAME_SELLER_INDUSTRY_MLM partners_MEAN,0,6
PREV_NAME_SELLER_INDUSTRY_Jewelry_MEAN,0,6
PREV_NAME_SELLER_INDUSTRY_Industry_MEAN,0,6
PREV_NAME_SELLER_INDUSTRY_Furniture_MEAN,0,6
BURO_CREDIT_TYPE_Loan for working capital replenishment_MEAN,0,6
PREV_NAME_SELLER_INDUSTRY_Construction_MEAN,0,6
BURO_CREDIT_TYPE_Mobile operator loan_MEAN,0,6
PREV_NAME_SELLER_INDUSTRY_Clothing_MEAN,0,6
PREV_NAME_SELLER_INDUSTRY_Auto technology_MEAN,0,6
PREV_NAME_PRODUCT_TYPE_x-sell_MEAN,0,6
BURO_CREDIT_TYPE_Mortgage_MEAN,0,6
PREV_NAME_PRODUCT_TYPE_nan_MEAN,0,6
PREV_NAME_PORTFOLIO_nan_MEAN,0,6
PREV_PRODUCT_COMBINATION_nan_MEAN,0,6
BURO_CREDIT_TYPE_Unknown type of loan_MEAN,0,6
BURO_CREDIT_TYPE_nan_MEAN,0,6
BURO_MONTHS_BALANCE_MAX_MAX,0,6
PREV_NAME_PORTFOLIO_Cars_MEAN,0,6
PREV_NAME_PAYMENT_TYPE_nan_MEAN,0,6
BURO_STATUS_2_MEAN_MEAN,0,6
PREV_NAME_PAYMENT_TYPE_Non-cash from your account_MEAN,0,6
PREV_NAME_PAYMENT_TYPE_Cashless from the account of the employer_MEAN,0,6
CC_AMT_RECIVABLE_SUM,0,6
PREV_NAME_GOODS_CATEGORY_nan_MEAN,0,6
BURO_STATUS_4_MEAN_MEAN,0,6
PREV_NAME_GOODS_CATEGORY_Weapon_MEAN,0,6
PREV_NAME_GOODS_CATEGORY_Vehicles_MEAN,0,6
BURO_CREDIT_TYPE_Loan for the purchase of equipment_MEAN,0,6
PREV_NAME_SELLER_INDUSTRY_nan_MEAN,0,6
PREV_NAME_TYPE_SUITE_Children_MEAN,0,6
PREV_NAME_TYPE_SUITE_Family_MEAN,0,6
PREV_PRODUCT_COMBINATION_POS others without interest_MEAN,0,6
PREV_PRODUCT_COMBINATION_POS other with interest_MEAN,0,6
PREV_PRODUCT_COMBINATION_POS mobile without interest_MEAN,0,6
BURO_CREDIT_CURRENCY_currency 4_MEAN,0,6
PREV_PRODUCT_COMBINATION_POS industry without interest_MEAN,0,6
BURO_CREDIT_CURRENCY_nan_MEAN,0,6
PREV_PRODUCT_COMBINATION_POS household without interest_MEAN,0,6
PREV_PRODUCT_COMBINATION_POS household with interest_MEAN,0,6
BURO_CREDIT_DAY_OVERDUE_MAX,0,6
PREV_PRODUCT_COMBINATION_Cash X-Sell: middle_MEAN,0,6
BURO_CREDIT_DAY_OVERDUE_MEAN,0,6
PREV_PRODUCT_COMBINATION_Cash X-Sell: high_MEAN,0,6
BURO_CREDIT_TYPE_Another type of loan_MEAN,0,6
PREV_PRODUCT_COMBINATION_Cash Street: low_MEAN,0,6
BURO_CREDIT_TYPE_Car loan_MEAN,0,6
BURO_CREDIT_TYPE_Cash loan (non-earmarked)_MEAN,0,6
PREV_NAME_YIELD_GROUP_nan_MEAN,0,6
PREV_NAME_YIELD_GROUP_middle_MEAN,0,6
PREV_NAME_YIELD_GROUP_low_action_MEAN,0,6
BURO_CREDIT_TYPE_Interbank credit_MEAN,0,6
BURO_CREDIT_TYPE_Loan for business development_MEAN,0,6
PREV_NAME_TYPE_SUITE_nan_MEAN,0,6
BURO_CREDIT_TYPE_Loan for purchase of shares (margin lending)_MEAN,0,6
"PREV_NAME_TYPE_SUITE_Spouse, partner_MEAN",0,6
PREV_NAME_TYPE_SUITE_Other_B_MEAN,0,6
PREV_NAME_TYPE_SUITE_Other_A_MEAN,0,6
PREV_NAME_TYPE_SUITE_Group of people_MEAN,0,6
POS_NAME_CONTRACT_STATUS_Demand_MEAN,0,6
POS_NAME_CONTRACT_STATUS_Amortized debt_MEAN,0,6
POS_NAME_CONTRACT_STATUS_Canceled_MEAN,0,6
FLAG_DOCUMENT_8,0,6
CC_NAME_CONTRACT_STATUS_Completed_SUM,0,6
CC_NAME_CONTRACT_STATUS_Completed_VAR,0,6
CC_NAME_CONTRACT_STATUS_Demand_MAX,0,6
CC_NAME_CONTRACT_STATUS_Demand_MEAN,0,6
CC_NAME_CONTRACT_STATUS_Demand_MIN,0,6
CC_NAME_CONTRACT_STATUS_Demand_SUM,0,6
HOUSETYPE_MODE_terraced house,0,6
HOUSETYPE_MODE_specific housing,0,6
HOUSETYPE_MODE_nan,0,6
HOUSETYPE_MODE_block of flats,0,6
HOUR_APPR_PROCESS_START,0,6
FONDKAPREMONT_MODE_reg oper spec account,0,6
FONDKAPREMONT_MODE_reg oper account,0,6
FONDKAPREMONT_MODE_org spec account,0,6
FONDKAPREMONT_MODE_not specified,0,6
FONDKAPREMONT_MODE_nan,0,6
FLOORSMIN_MODE,0,6
FLOORSMIN_MEDI,0,6
FLOORSMIN_AVG,0,6
CC_NAME_CONTRACT_STATUS_Demand_VAR,0,6
CC_NAME_CONTRACT_STATUS_Refused_MAX,0,6
CC_NAME_CONTRACT_STATUS_Refused_MEAN,0,6
FLAG_WORK_PHONE,0,6
FLAG_PHONE,0,6
FLAG_OWN_REALTY,0,6
CC_NAME_CONTRACT_STATUS_Refused_MIN,0,6
FLAG_MOBIL,0,6
FLAG_EMP_PHONE,0,6
FLAG_EMAIL,0,6
CC_NAME_CONTRACT_STATUS_Completed_MIN,0,6
CC_NAME_CONTRACT_STATUS_Completed_MEAN,0,6
CC_NAME_CONTRACT_STATUS_Completed_MAX,0,6
CC_MONTHS_BALANCE_MAX,0,6
CC_CNT_INSTALMENT_MATURE_CUM_MEAN,0,6
CC_CNT_INSTALMENT_MATURE_CUM_MIN,0,6
CC_CNT_INSTALMENT_MATURE_CUM_SUM,0,6
LIVINGAPARTMENTS_MODE,0,6
LIVINGAPARTMENTS_MEDI,0,6
LIVINGAPARTMENTS_AVG,0,6
LIVE_REGION_NOT_WORK_REGION,0,6
LIVE_CITY_NOT_WORK_CITY,0,6
LANDAREA_MODE,0,6
LANDAREA_MEDI,0,6
CC_CNT_INSTALMENT_MATURE_CUM_VAR,0,6
CC_COUNT,0,6
ACT_AMT_ANNUITY_MEAN,0,6
INS_PAYMENT_PERC_MAX,0,6
CC_NAME_CONTRACT_STATUS_Approved_VAR,0,6
CC_MONTHS_BALANCE_MEAN,0,6
CC_MONTHS_BALANCE_MIN,0,6
CC_MONTHS_BALANCE_VAR,0,6
CC_NAME_CONTRACT_STATUS_Active_MAX,0,6
CC_NAME_CONTRACT_STATUS_Active_MEAN,0,6
CC_NAME_CONTRACT_STATUS_Active_MIN,0,6
CC_NAME_CONTRACT_STATUS_Active_SUM,0,6
CC_NAME_CONTRACT_STATUS_Active_VAR,0,6
CC_NAME_CONTRACT_STATUS_Approved_MAX,0,6
INS_DBD_MAX,0,6
CC_NAME_CONTRACT_STATUS_Approved_MEAN,0,6
CC_NAME_CONTRACT_STATUS_Approved_MIN,0,6
CC_NAME_CONTRACT_STATUS_Approved_SUM,0,6
FLAG_DOCUMENT_9,0,6
FLAG_DOCUMENT_7,0,6
POS_NAME_CONTRACT_STATUS_Approved_MEAN,0,6
FLAG_DOCUMENT_6,0,6
CC_NAME_CONTRACT_STATUS_Signed_MIN,0,6
CC_NAME_CONTRACT_STATUS_Signed_SUM,0,6
CC_NAME_CONTRACT_STATUS_Signed_VAR,0,6
CC_NAME_CONTRACT_STATUS_nan_MAX,0,6
CC_NAME_CONTRACT_STATUS_nan_MEAN,0,6
COMMONAREA_MODE,0,6
CC_NAME_CONTRACT_STATUS_nan_MIN,0,6
CC_NAME_CONTRACT_STATUS_nan_SUM,0,6
CC_NAME_CONTRACT_STATUS_nan_VAR,0,6
CNT_FAM_MEMBERS,0,6
CNT_CHILDREN,0,6
CC_SK_DPD_DEF_MAX,0,6
CC_SK_DPD_DEF_MEAN,0,6
CLS_MONTHS_BALANCE_MIN_MIN,0,6
CC_SK_DPD_DEF_MIN,0,6
CC_SK_DPD_DEF_SUM,0,6
CC_SK_DPD_DEF_VAR,0,6
CC_SK_DPD_MAX,0,6
CC_SK_DPD_MEAN,0,6
CC_SK_DPD_MIN,0,6
CC_SK_DPD_SUM,0,6
CC_SK_DPD_VAR,0,6
CLS_DAYS_CREDIT_ENDDATE_MEAN,0,6
CLS_AMT_ANNUITY_MEAN,0,6
CLS_CREDIT_DAY_OVERDUE_MEAN,0,6
CLS_CREDIT_DAY_OVERDUE_MAX,0,6
CLS_CNT_CREDIT_PROLONG_SUM,0,6
CLS_AMT_CREDIT_SUM_DEBT_SUM,0,6
CLS_AMT_CREDIT_SUM_OVERDUE_MEAN,0,6
CC_NAME_CONTRACT_STATUS_Signed_MEAN,0,6
DEF_30_CNT_SOCIAL_CIRCLE,0,6
DEF_60_CNT_SOCIAL_CIRCLE,0,6
FLAG_DOCUMENT_12,0,6
FLAG_DOCUMENT_5,0,6
FLAG_DOCUMENT_4,0,6
CC_NAME_CONTRACT_STATUS_Refused_SUM,0,6
FLAG_DOCUMENT_21,0,6
FLAG_DOCUMENT_20,0,6
FLAG_DOCUMENT_2,0,6
FLAG_DOCUMENT_19,0,6
FLAG_DOCUMENT_18,0,6
FLAG_DOCUMENT_17,0,6
FLAG_DOCUMENT_16,0,6
FLAG_DOCUMENT_15,0,6
FLAG_DOCUMENT_14,0,6
FLAG_DOCUMENT_13,0,6
FLAG_DOCUMENT_11,0,6
CC_NAME_CONTRACT_STATUS_Signed_MAX,0,6
FLAG_DOCUMENT_10,0,6
FLAG_CONT_MOBILE,0,6
CC_NAME_CONTRACT_STATUS_Refused_VAR,0,6
CC_NAME_CONTRACT_STATUS_Sent proposal_MAX,0,6
CC_NAME_CONTRACT_STATUS_Sent proposal_MEAN,0,6
ENTRANCES_MODE,0,6
CC_NAME_CONTRACT_STATUS_Sent proposal_MIN,0,6
CC_NAME_CONTRACT_STATUS_Sent proposal_SUM,0,6
EMERGENCYSTATE_MODE_nan,0,6
EMERGENCYSTATE_MODE_Yes,0,6
EMERGENCYSTATE_MODE_No,0,6
CC_NAME_CONTRACT_STATUS_Sent proposal_VAR,0,6
ELEVATORS_MEDI,0,6
CC_CNT_INSTALMENT_MATURE_CUM_MAX,0,6
NAME_CONTRACT_TYPE_Revolving loans,0,6
NAME_CONTRACT_TYPE_nan,0,6
NAME_EDUCATION_TYPE_Academic degree,0,6
ORGANIZATION_TYPE_Military,0,6
ORGANIZATION_TYPE_Medicine,0,6
ORGANIZATION_TYPE_Legal Services,0,6
ORGANIZATION_TYPE_Kindergarten,0,6
ORGANIZATION_TYPE_Insurance,0,6
ORGANIZATION_TYPE_Industry: type 9,0,6
ORGANIZATION_TYPE_Industry: type 8,0,6
ORGANIZATION_TYPE_Industry: type 7,0,6
ORGANIZATION_TYPE_Industry: type 6,0,6
ORGANIZATION_TYPE_Industry: type 5,0,6
ORGANIZATION_TYPE_Industry: type 4,0,6
ORGANIZATION_TYPE_Industry: type 3,0,6
ORGANIZATION_TYPE_Industry: type 2,0,6
ORGANIZATION_TYPE_Industry: type 13,0,6
ORGANIZATION_TYPE_Industry: type 12,0,6
ORGANIZATION_TYPE_Industry: type 11,0,6
ORGANIZATION_TYPE_Industry: type 10,0,6
ORGANIZATION_TYPE_Industry: type 1,0,6
ORGANIZATION_TYPE_Housing,0,6
ORGANIZATION_TYPE_Hotel,0,6
ORGANIZATION_TYPE_Government,0,6
ORGANIZATION_TYPE_Emergency,0,6
ORGANIZATION_TYPE_Electricity,0,6
ORGANIZATION_TYPE_Culture,0,6
ORGANIZATION_TYPE_Construction,0,6
ORGANIZATION_TYPE_Cleaning,0,6
CC_CNT_DRAWINGS_ATM_CURRENT_MIN,0,6
ORGANIZATION_TYPE_Business Entity Type 2,0,6
ORGANIZATION_TYPE_Business Entity Type 1,0,6
ORGANIZATION_TYPE_Mobile,0,6
ORGANIZATION_TYPE_Other,0,6
ORGANIZATION_TYPE_Police,0,6
ORGANIZATION_TYPE_Trade: type 7,0,6
CLS_AMT_CREDIT_SUM_LIMIT_MEAN,0,6
POS_NAME_CONTRACT_STATUS_Active_MEAN,0,6
CC_AMT_TOTAL_RECEIVABLE_MAX,0,6
CC_AMT_TOTAL_RECEIVABLE_MEAN,0,6
CC_AMT_TOTAL_RECEIVABLE_MIN,0,6
CC_AMT_TOTAL_RECEIVABLE_SUM,0,6
ORGANIZATION_TYPE_nan,0,6
ORGANIZATION_TYPE_XNA,0,6
ORGANIZATION_TYPE_University,0,6
ORGANIZATION_TYPE_Transport: type 4,0,6
ORGANIZATION_TYPE_Transport: type 3,0,6
ORGANIZATION_TYPE_Transport: type 2,0,6
ORGANIZATION_TYPE_Transport: type 1,0,6
ORGANIZATION_TYPE_Trade: type 6,0,6
ORGANIZATION_TYPE_Postal,0,6
ORGANIZATION_TYPE_Trade: type 5,0,6
ORGANIZATION_TYPE_Trade: type 4,0,6
ORGANIZATION_TYPE_Trade: type 3,0,6
ORGANIZATION_TYPE_Trade: type 2,0,6
ORGANIZATION_TYPE_Trade: type 1,0,6
ORGANIZATION_TYPE_Telecom,0,6
ORGANIZATION_TYPE_Services,0,6
ORGANIZATION_TYPE_Security Ministries,0,6
ORGANIZATION_TYPE_Security,0,6
ORGANIZATION_TYPE_School,0,6
ORGANIZATION_TYPE_Restaurant,0,6
ORGANIZATION_TYPE_Religion,0,6
ORGANIZATION_TYPE_Realtor,0,6
ORGANIZATION_TYPE_Bank,0,6
ORGANIZATION_TYPE_Agriculture,0,6
ORGANIZATION_TYPE_Advertising,0,6
NAME_HOUSING_TYPE_Rented apartment,0,6
NAME_TYPE_SUITE_Family,0,6
NAME_TYPE_SUITE_Children,0,6
NAME_INCOME_TYPE_nan,0,6
CC_CNT_DRAWINGS_OTHER_CURRENT_VAR,0,6
NAME_INCOME_TYPE_Unemployed,0,6
NAME_INCOME_TYPE_Student,0,6
NAME_INCOME_TYPE_State servant,0,6
NAME_INCOME_TYPE_Pensioner,0,6
NAME_INCOME_TYPE_Maternity leave,0,6
NAME_INCOME_TYPE_Commercial associate,0,6
NAME_INCOME_TYPE_Businessman,0,6
NAME_HOUSING_TYPE_nan,0,6
NAME_HOUSING_TYPE_With parents,0,6
NAME_HOUSING_TYPE_Office apartment,0,6
NAME_TYPE_SUITE_Other_A,0,6
NAME_HOUSING_TYPE_Municipal apartment,0,6
NAME_HOUSING_TYPE_House / apartment,0,6
NAME_HOUSING_TYPE_Co-op apartment,0,6
NAME_FAMILY_STATUS_nan,0,6
NAME_FAMILY_STATUS_Widow,0,6
NAME_FAMILY_STATUS_Unknown,0,6
NAME_FAMILY_STATUS_Single / not married,0,6
NAME_FAMILY_STATUS_Separated,0,6
NAME_FAMILY_STATUS_Civil marriage,0,6
NAME_EDUCATION_TYPE_nan,0,6
CC_CNT_DRAWINGS_POS_CURRENT_MIN,0,6
NAME_EDUCATION_TYPE_Lower secondary,0,6
NAME_EDUCATION_TYPE_Incomplete higher,0,6
NAME_TYPE_SUITE_Group of people,0,6
NAME_TYPE_SUITE_Other_B,0,6
CC_CNT_DRAWINGS_CURRENT_MIN,0,6
OCCUPATION_TYPE_Drivers,0,6
OCCUPATION_TYPE_Waiters/barmen staff,0,6
OCCUPATION_TYPE_Security staff,0,6
OCCUPATION_TYPE_Secretaries,0,6
OCCUPATION_TYPE_Sales staff,0,6
OCCUPATION_TYPE_Realty agents,0,6
OCCUPATION_TYPE_Private service staff,0,6
OCCUPATION_TYPE_Medicine staff,0,6
OCCUPATION_TYPE_Managers,0,6
OCCUPATION_TYPE_Low-skill Laborers,0,6
CC_CNT_DRAWINGS_OTHER_CURRENT_MAX,0,6
OCCUPATION_TYPE_IT staff,0,6
OCCUPATION_TYPE_High skill tech staff,0,6
OCCUPATION_TYPE_HR staff,0,6
OCCUPATION_TYPE_Core staff,0,6
"NAME_TYPE_SUITE_Spouse, partner",0,6
OCCUPATION_TYPE_Cooking staff,0,6
OCCUPATION_TYPE_Cleaning staff,0,6
OCCUPATION_TYPE_Accountants,0,6
OBS_60_CNT_SOCIAL_CIRCLE,0,6
OBS_30_CNT_SOCIAL_CIRCLE,0,6
CC_CNT_DRAWINGS_OTHER_CURRENT_MEAN,0,6
CC_CNT_DRAWINGS_OTHER_CURRENT_MIN,0,6
NONLIVINGAREA_AVG,0,6
NONLIVINGAPARTMENTS_MODE,0,6
NONLIVINGAPARTMENTS_MEDI,0,6
CC_CNT_DRAWINGS_OTHER_CURRENT_SUM,0,6
NAME_TYPE_SUITE_nan,0,6
NAME_TYPE_SUITE_Unaccompanied,0,6
ACT_AMT_ANNUITY_MAX,0,6
